img,index,cycle,pass,line_start,line_end,npy,field,finite_frac,n_gap,source_name
img_0000000001__c009_p530_L001570_20240123T010956.png,1,9,530,1570,1707,crops/img_0000000001__c009_p530_L001570_20240123T010956.npy,ssha_filtered,0.5789,4010,SWOT_L3_LR_SSH_Basic_009_530_20240123T010956_20240123T020123_v3.0.nc
img_0000000002__c013_p341_L001092_20240408T180644.png,2,13,341,1092,1229,crops/img_0000000002__c013_p341_L001092_20240408T180644.npy,ssha_filtered,0.7721,2170,SWOT_L3_LR_SSH_Basic_013_341_20240408T180644_20240408T185810_v3.0.nc
img_0000000003__c020_p429_L007615_20240904T224938.png,3,20,429,7615,7752,crops/img_0000000003__c020_p429_L007615_20240904T224938.npy,ssha_filtered,0.7722,2169,SWOT_L3_LR_SSH_Basic_020_429_20240904T224938_20240904T234105_v3.0.nc
img_0000000004__c021_p073_L009290_20240913T021933.png,4,21,73,9290,9427,crops/img_0000000004__c021_p073_L009290_20240913T021933.npy,ssha_filtered,0.7719,2172,SWOT_L3_LR_SSH_Basic_021_073_20240913T021933_20240913T031100_v3.0.nc
img_0000000005__c024_p337_L007213_20241124T025651.png,5,24,337,7213,7350,crops/img_0000000005__c024_p337_L007213_20241124T025651.npy,ssha_filtered,0.7719,2172,SWOT_L3_LR_SSH_Basic_024_337_20241124T025651_20241124T034817_v3.0.nc
img_0000000006__c020_p426_L004688_20240904T201518.png,6,20,426,4688,4825,crops/img_0000000006__c020_p426_L004688_20240904T201518.npy,ssha_filtered,0.7722,2169,SWOT_L3_LR_SSH_Basic_020_426_20240904T201518_20240904T210644_v3.0.nc
img_0000000007__c013_p013_L003211_20240328T005206.png,7,13,13,3211,3348,crops/img_0000000007__c013_p013_L003211_20240328T005206.npy,ssha_filtered,0.7713,2178,SWOT_L3_LR_SSH_Basic_013_013_20240328T005206_20240328T014333_v3.0.nc
img_0000000008__c012_p517_L005080_20240325T041620.png,8,12,517,5080,5217,crops/img_0000000008__c012_p517_L005080_20240325T041620.npy,ssha_filtered,0.7722,2169,SWOT_L3_LR_SSH_Basic_012_517_20240325T041620_20240325T050747_v3.0.nc
img_0000000009__c014_p429_L001691_20240502T181909.png,9,14,429,1691,1828,crops/img_0000000009__c014_p429_L001691_20240502T181909.npy,ssha_filtered,0.7564,2320,SWOT_L3_LR_SSH_Basic_014_429_20240502T181909_20240502T191035_v3.0.nc
img_0000000010__c010_p409_L004295_20240208T140955.png,10,10,409,4295,4432,crops/img_0000000010__c010_p409_L004295_20240208T140955.npy,ssha_filtered,0.7072,2788,SWOT_L3_LR_SSH_Basic_010_409_20240208T140955_20240208T150121_v3.0.nc
img_0000000011__c026_p138_L006096_20241228T174902.png,11,26,138,6096,6233,crops/img_0000000011__c026_p138_L006096_20241228T174902.npy,ssha_filtered,0.7722,2169,SWOT_L3_LR_SSH_Basic_026_138_20241228T174902_20241228T184029_v3.0.nc
img_0000000012__c010_p001_L001030_20240125T001932.png,12,10,1,1030,1167,crops/img_0000000012__c010_p001_L001030_20240125T001932.npy,ssha_filtered,0.7707,2183,SWOT_L3_LR_SSH_Basic_010_001_20240125T001932_20240125T011058_v3.0.nc
img_0000000013__c011_p293_L003579_20240225T072709.png,13,11,293,3579,3716,crops/img_0000000013__c011_p293_L003579_20240225T072709.npy,ssha_filtered,0.7866,2032,SWOT_L3_LR_SSH_Basic_011_293_20240225T072709_20240225T081836_v3.0.nc
img_0000000014__c009_p416_L002377_20240118T232458.png,14,9,416,2377,2514,crops/img_0000000014__c009_p416_L002377_20240118T232458.npy,ssha_filtered,0.7722,2169,SWOT_L3_LR_SSH_Basic_009_416_20240118T232458_20240119T001625_v3.0.nc
img_0000000015__c016_p020_L004003_20240529T210729.png,15,16,20,4003,4140,crops/img_0000000015__c016_p020_L004003_20240529T210729.npy,ssha_filtered,0.7700,2190,SWOT_L3_LR_SSH_Basic_016_020_20240529T210729_20240529T215855_v3.0.nc
img_0000000016__c022_p354_L001319_20241014T000118.png,16,22,354,1319,1456,crops/img_0000000016__c022_p354_L001319_20241014T000118.npy,ssha_filtered,0.7401,2475,SWOT_L3_LR_SSH_Basic_022_354_20241014T000118_20241014T005244_v3.0.nc
img_0000000017__c018_p176_L004317_20240716T042322.png,17,18,176,4317,4454,crops/img_0000000017__c018_p176_L004317_20240716T042322.npy,ssha_filtered,0.7707,2183,SWOT_L3_LR_SSH_Basic_018_176_20240716T042322_20240716T051448_v3.0.nc
img_0000000018__c016_p119_L001396_20240602T100045.png,18,16,119,1396,1533,crops/img_0000000018__c016_p119_L001396_20240602T100045.npy,ssha_filtered,0.7722,2169,SWOT_L3_LR_SSH_Basic_016_119_20240602T100045_20240602T105211_v3.0.nc
img_0000000019__c012_p194_L005026_20240313T151856.png,19,12,194,5026,5163,crops/img_0000000019__c012_p194_L005026_20240313T151856.npy,ssha_filtered,0.7810,2085,SWOT_L3_LR_SSH_Basic_012_194_20240313T151856_20240313T161022_v3.0.nc
img_0000000020__c020_p133_L004463_20240825T090116.png,20,20,133,4463,4600,crops/img_0000000020__c020_p133_L004463_20240825T090116.npy,ssha_filtered,0.7722,2169,SWOT_L3_LR_SSH_Basic_020_133_20240825T090116_20240825T095243_v3.0.nc
img_0000000021__c013_p128_L008003_20240401T032831.png,21,13,128,8003,8140,crops/img_0000000021__c013_p128_L008003_20240401T032831.npy,ssha_filtered,0.7716,2175,SWOT_L3_LR_SSH_Basic_013_128_20240401T032831_20240401T041957_v3.0.nc
img_0000000022__c016_p498_L008734_20240615T225910.png,22,16,498,8734,8871,crops/img_0000000022__c016_p498_L008734_20240615T225910.npy,ssha_filtered,0.7537,2345,SWOT_L3_LR_SSH_Basic_016_498_20240615T225910_20240615T235037_v3.0.nc
img_0000000023__c014_p067_L006582_20240419T195521.png,23,14,67,6582,6719,crops/img_0000000023__c014_p067_L006582_20240419T195521.npy,ssha_filtered,0.7722,2169,SWOT_L3_LR_SSH_Basic_014_067_20240419T195521_20240419T204648_v3.0.nc
img_0000000024__c015_p001_L004478_20240508T080454.png,24,15,1,4478,4615,crops/img_0000000024__c015_p001_L004478_20240508T080454.npy,ssha_filtered,0.7722,2169,SWOT_L3_LR_SSH_Basic_015_001_20240508T080454_20240508T085620_v3.0.nc
img_0000000025__c020_p414_L007944_20240904T095756.png,25,20,414,7944,8081,crops/img_0000000025__c020_p414_L007944_20240904T095756.npy,ssha_filtered,0.7706,2184,SWOT_L3_LR_SSH_Basic_020_414_20240904T095756_20240904T104922_v3.0.nc
img_0000000026__c020_p539_L004236_20240908T210849.png,26,20,539,4236,4373,crops/img_0000000026__c020_p539_L004236_20240908T210849.npy,ssha_filtered,0.7867,2031,SWOT_L3_LR_SSH_Basic_020_539_20240908T210849_20240908T220015_v3.0.nc
img_0000000027__c024_p581_L001059_20241202T200956.png,27,24,581,1059,1196,crops/img_0000000027__c024_p581_L001059_20241202T200956.npy,ssha_filtered,0.5759,4038,SWOT_L3_LR_SSH_Basic_024_581_20241202T200956_20241202T210122_v3.0.nc
img_0000000028__c019_p458_L000916_20240816T025631.png,28,19,458,916,1053,crops/img_0000000028__c019_p458_L000916_20240816T025631.npy,ssha_filtered,0.7644,2243,SWOT_L3_LR_SSH_Basic_019_458_20240816T025631_20240816T034757_v3.0.nc
img_0000000029__c011_p060_L007232_20240216T233959.png,29,11,60,7232,7369,crops/img_0000000029__c011_p060_L007232_20240216T233959.npy,ssha_filtered,0.5383,4396,SWOT_L3_LR_SSH_Basic_011_060_20240216T233959_20240217T003126_v3.0.nc
img_0000000030__c012_p185_L005963_20240313T073555.png,30,12,185,5963,6100,crops/img_0000000030__c012_p185_L005963_20240313T073555.npy,ssha_filtered,0.7722,2169,SWOT_L3_LR_SSH_Basic_012_185_20240313T073555_20240313T082721_v3.0.nc
img_0000000031__c019_p453_L004023_20240815T223916.png,31,19,453,4023,4160,crops/img_0000000031__c019_p453_L004023_20240815T223916.npy,ssha_filtered,0.7867,2031,SWOT_L3_LR_SSH_Basic_019_453_20240815T223916_20240815T233043_v3.0.nc
img_0000000032__c013_p089_L000962_20240330T180205.png,32,13,89,962,1099,crops/img_0000000032__c013_p089_L000962_20240330T180205.npy,ssha_filtered,0.7714,2177,SWOT_L3_LR_SSH_Basic_013_089_20240330T180205_20240330T185331_v3.0.nc
img_0000000033__c024_p321_L008235_20241123T131342.png,33,24,321,8235,8372,crops/img_0000000033__c024_p321_L008235_20241123T131342.npy,ssha_filtered,0.6172,3645,SWOT_L3_LR_SSH_Basic_024_321_20241123T131342_20241123T140508_v3.0.nc
img_0000000034__c010_p284_L008179_20240204T025903.png,34,10,284,8179,8316,crops/img_0000000034__c010_p284_L008179_20240204T025903.npy,ssha_filtered,0.7722,2169,SWOT_L3_LR_SSH_Basic_010_284_20240204T025903_20240204T035029_v3.0.nc
img_0000000035__c021_p431_L009611_20240925T211739.png,35,21,431,9611,9748,crops/img_0000000035__c021_p431_L009611_20240925T211739.npy,ssha_filtered,0.2517,7125,SWOT_L3_LR_SSH_Basic_021_431_20240925T211739_20240925T220906_v3.0.nc
img_0000000036__c022_p151_L002242_20241006T175734.png,36,22,151,2242,2379,crops/img_0000000036__c022_p151_L002242_20241006T175734.npy,ssha_filtered,0.7720,2171,SWOT_L3_LR_SSH_Basic_022_151_20241006T175734_20241006T184900_v3.0.nc
img_0000000037__c024_p186_L007959_20241118T172820.png,37,24,186,7959,8096,crops/img_0000000037__c024_p186_L007959_20241118T172820.npy,ssha_filtered,0.7706,2184,SWOT_L3_LR_SSH_Basic_024_186_20241118T172820_20241118T181947_v3.0.nc
img_0000000038__c018_p357_L001987_20240722T153517.png,38,18,357,1987,2124,crops/img_0000000038__c018_p357_L001987_20240722T153517.npy,ssha_filtered,0.7723,2168,SWOT_L3_LR_SSH_Basic_018_357_20240722T153517_20240722T162643_v3.0.nc
img_0000000039__c023_p128_L004158_20241026T185920.png,39,23,128,4158,4295,crops/img_0000000039__c023_p128_L004158_20241026T185920.npy,ssha_filtered,0.7862,2036,SWOT_L3_LR_SSH_Basic_023_128_20241026T185920_20241026T195047_v3.0.nc
img_0000000040__c010_p175_L002561_20240131T053119.png,40,10,175,2561,2698,crops/img_0000000040__c010_p175_L002561_20240131T053119.npy,ssha_filtered,0.7685,2204,SWOT_L3_LR_SSH_Basic_010_175_20240131T053119_20240131T062245_v3.0.nc
img_0000000041__c011_p268_L004725_20240224T100059.png,41,11,268,4725,4862,crops/img_0000000041__c011_p268_L004725_20240224T100059.npy,ssha_filtered,0.7862,2036,SWOT_L3_LR_SSH_Basic_011_268_20240224T100059_20240224T105225_v3.0.nc
img_0000000042__c009_p025_L001211_20240105T000910.png,42,9,25,1211,1348,crops/img_0000000042__c009_p025_L001211_20240105T000910.npy,ssha_filtered,0.7722,2169,SWOT_L3_LR_SSH_Basic_009_025_20240105T000910_20240105T010037_v3.0.nc
img_0000000043__c012_p401_L004535_20240321T004829.png,43,12,401,4535,4672,crops/img_0000000043__c012_p401_L004535_20240321T004829.npy,ssha_filtered,0.7858,2040,SWOT_L3_LR_SSH_Basic_012_401_20240321T004829_20240321T013955_v3.0.nc
img_0000000044__c014_p112_L001813_20240421T103028.png,44,14,112,1813,1950,crops/img_0000000044__c014_p112_L001813_20240421T103028.npy,ssha_filtered,0.7692,2198,SWOT_L3_LR_SSH_Basic_014_112_20240421T103028_20240421T112154_v3.0.nc
img_0000000045__c017_p156_L003388_20240624T142921.png,45,17,156,3388,3525,crops/img_0000000045__c017_p156_L003388_20240624T142921.npy,ssha_filtered,0.7723,2168,SWOT_L3_LR_SSH_Basic_017_156_20240624T142921_20240624T152047_v3.0.nc
img_0000000046__c019_p217_L009407_20240807T121746.png,46,19,217,9407,9544,crops/img_0000000046__c019_p217_L009407_20240807T121746.npy,ssha_filtered,0.4826,4927,SWOT_L3_LR_SSH_Basic_019_217_20240807T121746_20240807T130912_v3.0.nc
img_0000000047__c022_p451_L001778_20241017T111140.png,47,22,451,1778,1915,crops/img_0000000047__c022_p451_L001778_20241017T111140.npy,ssha_filtered,0.7723,2168,SWOT_L3_LR_SSH_Basic_022_451_20241017T111140_20241017T120306_v3.0.nc
img_0000000048__c025_p125_L006039_20241207T095508.png,48,25,125,6039,6176,crops/img_0000000048__c025_p125_L006039_20241207T095508.npy,ssha_filtered,0.7684,2205,SWOT_L3_LR_SSH_Basic_025_125_20241207T095508_20241207T104635_v3.0.nc
img_0000000049__c009_p115_L001961_20240108T051924.png,49,9,115,1961,2098,crops/img_0000000049__c009_p115_L001961_20240108T051924.npy,ssha_filtered,0.7722,2169,SWOT_L3_LR_SSH_Basic_009_115_20240108T051924_20240108T061050_v3.0.nc
img_0000000050__c024_p263_L006606_20241121T112946.png,50,24,263,6606,6743,crops/img_0000000050__c024_p263_L006606_20241121T112946.npy,ssha_filtered,0.7705,2185,SWOT_L3_LR_SSH_Basic_024_263_20241121T112946_20241121T122113_v3.0.nc
img_0000000051__c024_p342_L005115_20241124T071405.png,51,24,342,5115,5252,crops/img_0000000051__c024_p342_L005115_20241124T071405.npy,ssha_filtered,0.7582,2302,SWOT_L3_LR_SSH_Basic_024_342_20241124T071405_20241124T080532_v3.0.nc
img_0000000052__c019_p574_L004338_20240820T062421.png,52,19,574,4338,4475,crops/img_0000000052__c019_p574_L004338_20240820T062421.npy,ssha_filtered,0.7546,2337,SWOT_L3_LR_SSH_Basic_019_574_20240820T062421_20240820T071547_v3.0.nc
img_0000000053__c022_p346_L006419_20241013T170943.png,53,22,346,6419,6556,crops/img_0000000053__c022_p346_L006419_20241013T170943.npy,ssha_filtered,0.7722,2169,SWOT_L3_LR_SSH_Basic_022_346_20241013T170943_20241013T180110_v3.0.nc
img_0000000054__c009_p089_L008594_20240107T070147.png,54,9,89,8594,8731,crops/img_0000000054__c009_p089_L008594_20240107T070147.npy,ssha_filtered,0.4264,5462,SWOT_L3_LR_SSH_Basic_009_089_20240107T070147_20240107T075313_v3.0.nc
img_0000000055__c025_p449_L003450_20241218T234359.png,55,25,449,3450,3587,crops/img_0000000055__c025_p449_L003450_20241218T234359.npy,ssha_filtered,0.7721,2170,SWOT_L3_LR_SSH_Basic_025_449_20241218T234359_20241219T003525_v3.0.nc
img_0000000056__c019_p572_L005367_20240820T044128.png,56,19,572,5367,5504,crops/img_0000000056__c019_p572_L005367_20240820T044128.npy,ssha_filtered,0.7863,2035,SWOT_L3_LR_SSH_Basic_019_572_20240820T044128_20240820T053254_v3.0.nc
img_0000000057__c012_p463_L005383_20240323T055812.png,57,12,463,5383,5520,crops/img_0000000057__c012_p463_L005383_20240323T055812.npy,ssha_filtered,0.5760,4037,SWOT_L3_LR_SSH_Basic_012_463_20240323T055812_20240323T064939_v3.0.nc
img_0000000058__c014_p225_L005731_20240425T112358.png,58,14,225,5731,5868,crops/img_0000000058__c014_p225_L005731_20240425T112358.npy,ssha_filtered,0.6208,3611,SWOT_L3_LR_SSH_Basic_014_225_20240425T112358_20240425T121524_v3.0.nc
img_0000000059__c019_p155_L002749_20240805T070803.png,59,19,155,2749,2886,crops/img_0000000059__c019_p155_L002749_20240805T070803.npy,ssha_filtered,0.7721,2170,SWOT_L3_LR_SSH_Basic_019_155_20240805T070803_20240805T075929_v3.0.nc
img_0000000060__c022_p562_L007203_20241021T102217.png,60,22,562,7203,7340,crops/img_0000000060__c022_p562_L007203_20241021T102217.npy,ssha_filtered,0.7703,2187,SWOT_L3_LR_SSH_Basic_022_562_20241021T102217_20241021T111343_v3.0.nc
img_0000000061__c017_p235_L005534_20240627T101340.png,61,17,235,5534,5671,crops/img_0000000061__c017_p235_L005534_20240627T101340.npy,ssha_filtered,0.7721,2170,SWOT_L3_LR_SSH_Basic_017_235_20240627T101340_20240627T110507_v3.0.nc
img_0000000062__c012_p584_L006794_20240327T134318.png,62,12,584,6794,6931,crops/img_0000000062__c012_p584_L006794_20240327T134318.npy,ssha_filtered,0.7723,2168,SWOT_L3_LR_SSH_Basic_012_584_20240327T134318_20240327T143444_v3.0.nc
img_0000000063__c016_p406_L003835_20240612T160603.png,63,16,406,3835,3972,crops/img_0000000063__c016_p406_L003835_20240612T160603.npy,ssha_filtered,0.7828,2068,SWOT_L3_LR_SSH_Basic_016_406_20240612T160603_20240612T165729_v3.0.nc
img_0000000064__c022_p073_L006097_20241003T230442.png,64,22,73,6097,6234,crops/img_0000000064__c022_p073_L006097_20241003T230442.npy,ssha_filtered,0.7281,2589,SWOT_L3_LR_SSH_Basic_022_073_20241003T230442_20241003T235608_v3.0.nc
img_0000000065__c022_p538_L000286_20241020T134733.png,65,22,538,286,423,crops/img_0000000065__c022_p538_L000286_20241020T134733.npy,ssha_filtered,0.7723,2168,SWOT_L3_LR_SSH_Basic_022_538_20241020T134733_20241020T143900_v3.0.nc
img_0000000066__c013_p419_L004164_20240411T125937.png,66,13,419,4164,4301,crops/img_0000000066__c013_p419_L004164_20240411T125937.npy,ssha_filtered,0.7867,2031,SWOT_L3_LR_SSH_Basic_013_419_20240411T125937_20240411T135103_v3.0.nc
img_0000000067__c013_p517_L007991_20240415T010126.png,67,13,517,7991,8128,crops/img_0000000067__c013_p517_L007991_20240415T010126.npy,ssha_filtered,0.7585,2300,SWOT_L3_LR_SSH_Basic_013_517_20240415T010126_20240415T015252_v3.0.nc
img_0000000068__c021_p220_L001585_20240918T082217.png,68,21,220,1585,1722,crops/img_0000000068__c021_p220_L001585_20240918T082217.npy,ssha_filtered,0.7376,2499,SWOT_L3_LR_SSH_Basic_021_220_20240918T082217_20240918T091344_v3.0.nc
img_0000000069__c011_p400_L007498_20240229T031159.png,69,11,400,7498,7635,crops/img_0000000069__c011_p400_L007498_20240229T031159.npy,ssha_filtered,0.7722,2169,SWOT_L3_LR_SSH_Basic_011_400_20240229T031159_20240229T040326_v3.0.nc
img_0000000070__c015_p135_L003781_20240513T025849.png,70,15,135,3781,3918,crops/img_0000000070__c015_p135_L003781_20240513T025849.npy,ssha_filtered,0.7718,2173,SWOT_L3_LR_SSH_Basic_015_135_20240513T025849_20240513T035015_v3.0.nc
img_0000000071__c023_p199_L004838_20241029T075204.png,71,23,199,4838,4975,crops/img_0000000071__c023_p199_L004838_20241029T075204.npy,ssha_filtered,0.7866,2032,SWOT_L3_LR_SSH_Basic_023_199_20241029T075204_20241029T084330_v3.0.nc
img_0000000072__c017_p476_L002729_20240706T005222.png,72,17,476,2729,2866,crops/img_0000000072__c017_p476_L002729_20240706T005222.npy,ssha_filtered,0.7658,2230,SWOT_L3_LR_SSH_Basic_017_476_20240706T005222_20240706T014349_v3.0.nc
img_0000000073__c023_p074_L004278_20241024T204112.png,73,23,74,4278,4415,crops/img_0000000073__c023_p074_L004278_20241024T204112.npy,ssha_filtered,0.7805,2090,SWOT_L3_LR_SSH_Basic_023_074_20241024T204112_20241024T213239_v3.0.nc
img_0000000074__c023_p221_L001644_20241030T024354.png,74,23,221,1644,1781,crops/img_0000000074__c023_p221_L001644_20241030T024354.npy,ssha_filtered,0.7722,2169,SWOT_L3_LR_SSH_Basic_023_221_20241030T024354_20241030T033521_v3.0.nc
img_0000000075__c018_p296_L003787_20240720T111701.png,75,18,296,3787,3924,crops/img_0000000075__c018_p296_L003787_20240720T111701.npy,ssha_filtered,0.7717,2174,SWOT_L3_LR_SSH_Basic_018_296_20240720T111701_20240720T120827_v3.0.nc
img_0000000076__c011_p545_L004378_20240305T073148.png,76,11,545,4378,4515,crops/img_0000000076__c011_p545_L004378_20240305T073148.npy,ssha_filtered,0.6629,3210,SWOT_L3_LR_SSH_Basic_011_545_20240305T073148_20240305T082314_v3.0.nc
img_0000000077__c024_p426_L007093_20241127T071539.png,77,24,426,7093,7230,crops/img_0000000077__c024_p426_L007093_20241127T071539.npy,ssha_filtered,0.7719,2172,SWOT_L3_LR_SSH_Basic_024_426_20241127T071539_20241127T080705_v3.0.nc
img_0000000078__c011_p396_L004409_20240228T234612.png,78,11,396,4409,4546,crops/img_0000000078__c011_p396_L004409_20240228T234612.npy,ssha_filtered,0.6428,3401,SWOT_L3_LR_SSH_Basic_011_396_20240228T234612_20240229T003739_v3.0.nc
img_0000000079__c012_p201_L006040_20240313T211904.png,79,12,201,6040,6177,crops/img_0000000079__c012_p201_L006040_20240313T211904.npy,ssha_filtered,0.7855,2042,SWOT_L3_LR_SSH_Basic_012_201_20240313T211904_20240313T221030_v3.0.nc
img_0000000080__c017_p265_L007661_20240628T115704.png,80,17,265,7661,7798,crops/img_0000000080__c017_p265_L007661_20240628T115704.npy,ssha_filtered,0.7651,2237,SWOT_L3_LR_SSH_Basic_017_265_20240628T115704_20240628T124831_v3.0.nc
img_0000000081__c009_p466_L005935_20240120T181720.png,81,9,466,5935,6072,crops/img_0000000081__c009_p466_L005935_20240120T181720.npy,ssha_filtered,0.7722,2169,SWOT_L3_LR_SSH_Basic_009_466_20240120T181720_20240120T190846_v3.0.nc
img_0000000082__c011_p545_L007902_20240305T073148.png,82,11,545,7902,8039,crops/img_0000000082__c011_p545_L007902_20240305T073148.npy,ssha_filtered,0.7710,2181,SWOT_L3_LR_SSH_Basic_011_545_20240305T073148_20240305T082314_v3.0.nc
img_0000000083__c011_p454_L004118_20240302T013008.png,83,11,454,4118,4255,crops/img_0000000083__c011_p454_L004118_20240302T013008.npy,ssha_filtered,0.7602,2283,SWOT_L3_LR_SSH_Basic_011_454_20240302T013008_20240302T022134_v3.0.nc
img_0000000084__c024_p157_L001586_20241117T163622.png,84,24,157,1586,1723,crops/img_0000000084__c024_p157_L001586_20241117T163622.npy,ssha_filtered,0.7723,2168,SWOT_L3_LR_SSH_Basic_024_157_20241117T163622_20241117T172748_v3.0.nc
img_0000000085__c009_p045_L006921_20240105T171806.png,85,9,45,6921,7058,crops/img_0000000085__c009_p045_L006921_20240105T171806.npy,ssha_filtered,0.7651,2237,SWOT_L3_LR_SSH_Basic_009_045_20240105T171806_20240105T180933_v3.0.nc
img_0000000086__c016_p285_L007399_20240608T082057.png,86,16,285,7399,7536,crops/img_0000000086__c016_p285_L007399_20240608T082057.npy,ssha_filtered,0.2753,6901,SWOT_L3_LR_SSH_Basic_016_285_20240608T082057_20240608T091223_v3.0.nc
img_0000000087__c014_p579_L004236_20240508T025613.png,87,14,579,4236,4373,crops/img_0000000087__c014_p579_L004236_20240508T025613.npy,ssha_filtered,0.7585,2300,SWOT_L3_LR_SSH_Basic_014_579_20240508T025613_20240508T034739_v3.0.nc
img_0000000088__c010_p523_L003258_20240212T155453.png,88,10,523,3258,3395,crops/img_0000000088__c010_p523_L003258_20240212T155453.npy,ssha_filtered,0.7721,2170,SWOT_L3_LR_SSH_Basic_010_523_20240212T155453_20240212T164619_v3.0.nc
img_0000000089__c011_p581_L002560_20240306T142353.png,89,11,581,2560,2697,crops/img_0000000089__c011_p581_L002560_20240306T142353.npy,ssha_filtered,0.7739,2153,SWOT_L3_LR_SSH_Basic_011_581_20240306T142353_20240306T151520_v3.0.nc
img_0000000090__c019_p353_L006560_20240812T085434.png,90,19,353,6560,6697,crops/img_0000000090__c019_p353_L006560_20240812T085434.npy,ssha_filtered,0.7708,2182,SWOT_L3_LR_SSH_Basic_019_353_20240812T085434_20240812T094601_v3.0.nc
img_0000000091__c010_p479_L002983_20240211T021113.png,91,10,479,2983,3120,crops/img_0000000091__c010_p479_L002983_20240211T021113.npy,ssha_filtered,0.7722,2169,SWOT_L3_LR_SSH_Basic_010_479_20240211T021113_20240211T030239_v3.0.nc
img_0000000092__c016_p582_L001173_20240618T230044.png,92,16,582,1173,1310,crops/img_0000000092__c016_p582_L001173_20240618T230044.npy,ssha_filtered,0.3661,6036,SWOT_L3_LR_SSH_Basic_016_582_20240618T230044_20240618T235210_v3.0.nc
img_0000000093__c019_p019_L001357_20240731T103115.png,93,19,19,1357,1494,crops/img_0000000093__c019_p019_L001357_20240731T103115.npy,ssha_filtered,0.6220,3599,SWOT_L3_LR_SSH_Basic_019_019_20240731T103115_20240731T112241_v3.0.nc
img_0000000094__c009_p234_L008231_20240112T112135.png,94,9,234,8231,8368,crops/img_0000000094__c009_p234_L008231_20240112T112135.npy,ssha_filtered,0.7723,2168,SWOT_L3_LR_SSH_Basic_009_234_20240112T112135_20240112T121302_v3.0.nc
img_0000000095__c026_p064_L005505_20241226T022157.png,95,26,64,5505,5642,crops/img_0000000095__c026_p064_L005505_20241226T022157.npy,ssha_filtered,0.7702,2188,SWOT_L3_LR_SSH_Basic_026_064_20241226T022157_20241226T031323_v3.0.nc
img_0000000096__c020_p492_L003153_20240907T045048.png,96,20,492,3153,3290,crops/img_0000000096__c020_p492_L003153_20240907T045048.npy,ssha_filtered,0.7694,2196,SWOT_L3_LR_SSH_Basic_020_492_20240907T045048_20240907T054214_v3.0.nc
img_0000000097__c013_p255_L006547_20240405T162216.png,97,13,255,6547,6684,crops/img_0000000097__c013_p255_L006547_20240405T162216.npy,ssha_filtered,0.7723,2168,SWOT_L3_LR_SSH_Basic_013_255_20240405T162216_20240405T171343_v3.0.nc
img_0000000098__c012_p106_L004096_20240310T115137.png,98,12,106,4096,4233,crops/img_0000000098__c012_p106_L004096_20240310T115137.npy,ssha_filtered,0.7867,2031,SWOT_L3_LR_SSH_Basic_012_106_20240310T115137_20240310T124303_v3.0.nc
img_0000000099__c011_p113_L004853_20240218T210641.png,99,11,113,4853,4990,crops/img_0000000099__c011_p113_L004853_20240218T210641.npy,ssha_filtered,0.7758,2135,SWOT_L3_LR_SSH_Basic_011_113_20240218T210641_20240218T215807_v3.0.nc
img_0000000100__c016_p143_L001481_20240603T063529.png,100,16,143,1481,1618,crops/img_0000000100__c016_p143_L001481_20240603T063529.npy,ssha_filtered,0.7722,2169,SWOT_L3_LR_SSH_Basic_016_143_20240603T063529_20240603T072655_v3.0.nc
